{"cameraMode":{"drawMode":0,"name":"Shaded","section":"Shading Mode"},"sceneLighting":true,"audioPlay":false,"sceneViewState":{"m_AlwaysRefresh":false,"showFog":true,"showSkybox":true,"showFlares":true,"showImageEffects":true,"showParticleSystems":true,"showVisualEffectGraphs":true,"m_FxEnabled":true},"in2DMode":false,"pivot":{"x":-5.529430866241455,"y":-2.0373528003692629,"z":11.49061393737793},"rotation":{"x":-0.06175992265343666,"y":0.020057786256074907,"z":-0.001374611514620483,"w":-0.9979419708251953},"size":9.819219589233399,"orthographic":false}